{
    "providers": [
        {
            "type": "bitmap",
            "file": "minecraft:ranks/adminbyrg.png",
            "ascent": 8,
            "height": 8,
            "chars": [""]
	},
        {
            "type": "bitmap",
            "file": "minecraft:ranks/mediabyrg.png",
            "ascent": 8,
            "height": 8,
            "chars": [""]
        },
        {
            "type": "bitmap",
            "file": "minecraft:ranks/redbyrg.png",
            "ascent": 8,
            "height": 8,
            "chars": [""]
        },
        {
            "type": "bitmap",
            "file": "minecraft:ranks/memberbyrg.png",
            "ascent": 8,
            "height": 8,
            "chars": [""]
        }
    ]
}